Artist;Song;Genre;Arrangement Title;Arranger;Difficulty;Shop;Link;Performance Link;Notes
Adele;Rolling in the Deep;pop/rock;Rolling in the Deep;Robert Longfield;Level 1.5;halleonard.com;https://www.halleonard.com/product/4003250/rolling-in-the-deep;https://www.youtube.com/watch?v=rYEDA3JcQqw;Young Concert Band. Also Discovery Plus Concert Band (HL 04004471) & Easy Jazz Ensemble.
Adele;Someone Like You;pop/rock;Adele in Concert;Michael Brown;Level 3;halleonard.com;https://www.halleonard.com/product/4001333/adele-in-concert;https://www.youtube.com/watch?v=hLQl3WQQoQ0;Medley incl. Someone Like You, Rolling in the Deep, Set Fire to the Rain. No standalone found.
Amy Winehouse;Back to Black;pop/rock;A Tribute to Amy Winehouse;;Mittelstufe;rundel.de;https://www.rundel.de/en/search/?q=winehouse+tribute;https://www.youtube.com/watch?v=TJAfLE79ZZo;DeHaske DHP1155660 medley incl Back to Black, Rehab, Valerie. No standalone.
Amy Winehouse;Rehab;pop/rock;A Tribute to Amy Winehouse;;Mittelstufe;rundel.de;https://www.rundel.de/en/search/?q=winehouse+tribute;https://www.youtube.com/watch?v=KUmZp8pR1uc;Same DHP1155660 tribute medley.
Amy Winehouse;Valerie;pop/rock;A Tribute to Amy Winehouse;;Mittelstufe;rundel.de;https://www.rundel.de/en/search/?q=winehouse+tribute;https://www.youtube.com/watch?v=7wrQv6GmhTk;Same DHP1155660 tribute medley.
Arctic Monkeys;Do I Wanna Know?;pop/rock;;;;;;https://www.youtube.com/watch?v=bpOSxM-ZrXM;No wind/brass arrangement found at abel/rundel/halleonard.
Bee Gees;How Deep Is Your Love;pop/rock;How Deep Is Your Love;;Mittelstufe;rundel.de;https://www.rundel.de/en/product/MVSR2116/how-deep-is-your-love;https://www.youtube.com/watch?v=9D-xXqYYWkI;MVSR2116. Concert band arrangement.
Bee Gees;How Deep Is Your Love;pop/rock;How Deep is Your Love;;Mittelstufe;rundel.de;https://www.rundel.de/en/product/MVSR5573/how-deep-is-your-love;https://www.youtube.com/watch?v=9D-xXqYYWkI;MVSR5573. Brass ensemble arrangement.
Bee Gees;Night Fever;pop/rock;Night Fever - A Tribute to the Bee Gees;Wolfgang Wössner;Mittel-/Oberstufe;rundel.de;https://www.rundel.de/en/product/M2253.24/night-fever;https://www.youtube.com/watch?v=ZnLmsAaWY6M;M2253.24. Concert band medley of Bee Gees disco hits.
Bee Gees;Stayin' Alive;pop/rock;Stayin' Alive;;Oberstufe;rundel.de;https://www.rundel.de/en/product/DH1023203/stayin-alive;https://www.youtube.com/watch?v=I_izvHhJ5no;DH1023203. Concert band arrangement.
Bee Gees;Stayin' Alive;pop/rock;Disco Lives! (Flex-Band);;Unter-/Mittelstufe;rundel.de;https://www.rundel.de/en/search/?q=disco+lives+flex;https://www.youtube.com/watch?v=I_izvHhJ5no;HL04002800. Flex-band medley incl. Stayin' Alive and other disco hits.
Bee Gees;Stayin' Alive;pop/rock;Saturday Night Fever (Selections from);;Mittelstufe;rundel.de;https://www.rundel.de/en/search/?q=saturday+night+fever;https://www.youtube.com/watch?v=I_izvHhJ5no;HL04000793. Concert band medley from Saturday Night Fever musical incl. Stayin' Alive, Jive Talkin', You Should Be Dancing.
Black Sabbath;Iron Man;pop/rock;Metal! (Medley);Sean O'Loughlin;Mittelstufe;rundel.de;https://www.rundel.de/en/product/HL04003750/metal;https://www.youtube.com/watch?v=HWn-EhrCmCk;HL04003750. Concert band medley incl. Black Sabbath and Iron Maiden songs.
Blur;Song 2;pop/rock;Song 2;Andreas Lux;2;sheetmusicdirect.com;https://www.sheetmusicdirect.com/se/ID_No/1360026/Product.aspx;https://www.youtube.com/watch?v=SSbBvAvM6f8;Concert Band, arr. Andreas Lux, Level 2, Pop Rock
Coldplay;Clocks;pop/rock;Coldplay in Symphony;Bert Appermont;Oberstufe (4);rundel.de;https://www.rundel.de/en/article/coldplay_in_symphony/BMP1901689;https://www.youtube.com/watch?v=L-maVe9EYRg;medley incl. Viva La Vida, Sky Full of Stars, Clocks, The Scientist. Also abel.at
Coldplay;Fix You;pop/rock;Fix You;Dean Jones;3;hebu-music.com;https://www.hebu-music.com/index.php/en/article/coldplay/molenaar-edition-bv/fix-you.731000/;https://www.youtube.com/watch?v=k4V3Mo61fJM;Molenaar Edition, MOL 013530060, Concert Band, 4:40. Also Fanfare Band
Coldplay;Sky Full of Stars;pop/rock;Coldplay in Symphony;Bert Appermont;Oberstufe (4);rundel.de;https://www.rundel.de/en/article/coldplay_in_symphony/BMP1901689;https://www.youtube.com/watch?v=L-maVe9EYRg;medley incl. Viva La Vida, Sky Full of Stars, Clocks, The Scientist. Also abel.at
Coldplay;The Scientist;pop/rock;Coldplay in Symphony;Bert Appermont;Oberstufe (4);rundel.de;https://www.rundel.de/en/article/coldplay_in_symphony/BMP1901689;https://www.youtube.com/watch?v=L-maVe9EYRg;medley incl. Viva La Vida, Sky Full of Stars, Clocks, The Scientist. Also abel.at
Coldplay;Viva la Vida;pop/rock;Viva La Vida;Tim Waters;Level 2;halleonard.com;https://www.halleonard.com/product/08725224/viva-la-vida;https://www.youtube.com/watch?v=dvgZkm1xWPE;Discovery Concert Band
Coldplay;Viva La Vida;pop/rock;Coldplay in Symphony;Bert Appermont;Oberstufe (4);rundel.de;https://www.rundel.de/en/article/coldplay_in_symphony/BMP1901689;https://www.youtube.com/watch?v=L-maVe9EYRg;medley incl. Viva La Vida, Sky Full of Stars, Clocks, The Scientist. Also abel.at
Coldplay;Yellow;pop/rock;Yellow (Orchestral Version);Henk Ummels / Dean Jones;3;stretta-music.de;https://www.stretta-music.de/coldplay-yellow-nr-1180237.html;https://www.youtube.com/watch?v=yKNxeF4FKaM;Molenaar Edition, MOL 013338050, Concert Band, 4:00. Also Fanfare MOL 023338050 & Brass Band MOL 013538050. Also hebu-music.com
Cream;White Room;pop/rock;;;;;;https://www.youtube.com/watch?v=hE5d3hWlBeE;No wind/brass arrangement found at abel/rundel/halleonard.
David Bowie;Let's Dance;pop/rock;David Bowie: The Hits (Let's Dance / Space Oddity / Under Pressure);Patrick Roszell;3;-;https://www.windrep.org/David_Bowie:_The_Hits;https://www.youtube.com/watch?v=N4d7Wp9kKjA;Alfred Publishing 2023, Grade III, c.6:45, USD 78 score+parts / 10 score. WRP reference page (no direct shop URL extractable: Alfred JS, stretta-music.de EUR 106, stretta-music.at EUR 109). Medley contains 3 songs
David Bowie;Life on Mars?;pop/rock;Life on Mars;;Mittelstufe;rundel.de;https://www.rundel.de/en/product/DH890132/life-on-mars;https://www.youtube.com/watch?v=vGNhnUr7TRw;DH890132. Concert band arrangement.
David Bowie;Space Oddity;pop/rock;David Bowie: The Hits (Let's Dance / Space Oddity / Under Pressure);Patrick Roszell;3;-;https://www.windrep.org/David_Bowie:_The_Hits;https://www.youtube.com/watch?v=iYYRH4apXDo;Same medley as Let's Dance row (Alfred 2023, Grade III). WRP reference page
David Bowie;Under Pressure;pop/rock;Under Pressure;;Mittel-/Oberstufe;rundel.de;https://www.rundel.de/en/product/HCB-145/under-pressure;https://www.youtube.com/watch?v=UD6MEGnPeJk;HCB-145. Concert band. Marked NOT AVAILABLE (European additional parts 'World Parts' not available).
David Bowie;Under Pressure;pop/rock;David Bowie: The Hits (Let's Dance / Space Oddity / Under Pressure);Patrick Roszell;3;-;https://www.windrep.org/David_Bowie:_The_Hits;https://www.youtube.com/watch?v=Zoqai81oAV4;Same medley as Let's Dance row (Alfred 2023, Grade III). Note: separate standalone Under Pressure arrangement (rundel HCB-145) already in catalog
Deep Purple;Smoke on the Water;pop/rock;Deep Purple Medley;;Oberstufe;rundel.de;https://www.rundel.de/en/product/DH960774/deep-purple-medley;https://www.youtube.com/watch?v=hMR3im8GBxA;DH960774. Concert band medley incl. Burn, Highway Star, Smoke On The Water.
Deep Purple;Smoke on the Water;pop/rock;Smoke On The Water;;Anfängerstufe;rundel.de;https://www.rundel.de/en/product/HL08725124/smoke-on-the-water;https://www.youtube.com/watch?v=hMR3im8GBxA;HL08725124. Easy Discovery Band arrangement.
Deep Purple;Smoke on the Water;pop/rock;Smoke On The Water;;Unterstufe;rundel.de;https://www.rundel.de/en/product/HL08724836/smoke-on-the-water;https://www.youtube.com/watch?v=hMR3im8GBxA;HL08724836. Discovery Plus Band Series.
Deep Purple;Smoke on the Water;pop/rock;Smoke On The Water (Flex-Band);;Unter-/Mittelstufe;rundel.de;https://www.rundel.de/en/product/HL04002623/smoke-on-the-water;https://www.youtube.com/watch?v=hMR3im8GBxA;HL04002623. Flex-band arrangement.
Depeche Mode;Enjoy the Silence;pop/rock;;;;;;https://www.youtube.com/watch?v=aGSKrC7cGkI;No wind/brass arrangement found at abel/rundel/halleonard.
Dire Straits;Money for Nothing;pop/rock;The Best of Dire Straits (Money for Nothing / Sultans of Swing / Walk of Life);Lorenzo Bocci;3;hebu-music.com;https://www.hebu-music.com/en/article/mark-knopfler/molenaar-edition-bv/titel-wird-nicht-veroeffentlicht-the-best-of-dire-straits.258992/;https://www.youtube.com/watch?v=lAD6Obi7Cag;"Molenaar Edition BV, Concert Band, grade 3, medley of 3 songs. NOTE: currently out of print at HeBu; standalone digital editions exist (Bocci/ArrangeMe, incl. fanfare parts)"
Dire Straits;Sultans of Swing;pop/rock;Sultans of Swing;Lorenzo Bocci;3;sheetmusicplus.com;https://www.sheetmusicplus.com/en/product/sultans-of-swing-22716389.html;https://www.youtube.com/watch?v=TA7K-eVL0Lg;"Concert Band incl. Fanfare Band parts, Grade 3, 5:01, ArrangeMe (A0.1398112). Part of 'The Best of Dire Straits' set; also Olt brass quintet (SMD 1596087)"
Dire Straits;Walk of Life;pop/rock;Walk of Life;Lorenzo Bocci;3;sheetmusicdirect.com;https://www.sheetmusicdirect.com/se/ID_No/1496326/Product.aspx;https://www.youtube.com/watch?v=W3zFpEUrX18;Concert Band incl. Fanfare Band parts, Grade 3, 4:00, ArrangeMe. Also: arr. Erwin Jahreis (Big Band Sound, Musikverlag Bernhard Geiger GEIGER158, all-sheetmusic.com)
Dua Lipa;Don't Start Now;pop/rock;Don't Start Now;Tom Stanford;3.5;stretta-music.de;https://www.stretta-music.de/dont-start-now-nr-2306088.html;https://www.youtube.com/watch?v=oygrmJFFYZs;Scherzando Pop, Film & Show #2222-21-010 S, Concert Band/Harmonie, Grade 3½
Dua Lipa;Don't Start Now;pop/rock;A Dua Lipa Duo: Break My Heart / Don't Start Now;Michael Story;2.5;alfred.com;https://www.alfred.com/products/a-dua-lipa-duo-00-pk-0008410;https://www.youtube.com/watch?v=oygrmJFFYZs;Alfred #00-PK-0008410, Concert Band Grade 2½, medley (Break My Heart + Don't Start Now)
Duran Duran;Rio;pop/rock;;;;;;https://www.youtube.com/watch?v=kJLQnqA77kI;No wind/brass arrangement found at abel/rundel/halleonard.
Ed Sheeran;Castle on the Hill;pop/rock;The Best of Ed Sheeran;Peter Kleine Schaars;Mittel-/Oberstufe (3.5);rundel.de;https://www.rundel.de/en/article/the_best_of_ed_sheeran/DHP1186081;https://www.youtube.com/watch?v=mQQlnKbE1hQ;medley incl. Shape of You, Perfect, Castle on the Hill, Sing. Also abel.at
Ed Sheeran;Perfect;pop/rock;Perfect;Michael Brown;Level 3;halleonard.com;https://www.halleonard.com/product/4005613/perfect;https://www.youtube.com/watch?v=2Vv-BfVoqg4;Young Concert Band. Also 'Shape of You' series flex editions.
Ed Sheeran;Perfect;pop/rock;The Best of Ed Sheeran;Peter Kleine Schaars;Mittel-/Oberstufe (3.5);rundel.de;https://www.rundel.de/en/article/the_best_of_ed_sheeran/DHP1186081;https://www.youtube.com/watch?v=mQQlnKbE1hQ;medley incl. Shape of You, Perfect, Castle on the Hill, Sing. Also abel.at
Ed Sheeran;Shape of You;pop/rock;Shape of You;Michael Brown;Level 3;halleonard.com;https://www.halleonard.com/product/4005412/shape-of-you;https://www.youtube.com/watch?v=JGwWNGJdvx8;Young Concert Band set. Also flex-brass (HL 4005245? under Shape of you flex).
Ed Sheeran;Shape of You;pop/rock;The Best of Ed Sheeran;Peter Kleine Schaars;Mittel-/Oberstufe (3.5);rundel.de;https://www.rundel.de/en/article/the_best_of_ed_sheeran/DHP1186081;https://www.youtube.com/watch?v=mQQlnKbE1hQ;medley incl. Shape of You, Perfect, Castle on the Hill, Sing. Also abel.at
Ed Sheeran;Sing;pop/rock;The Best of Ed Sheeran;Peter Kleine Schaars;Mittel-/Oberstufe (3.5);rundel.de;https://www.rundel.de/en/article/the_best_of_ed_sheeran/DHP1186081;https://www.youtube.com/watch?v=mQQlnKbE1hQ;medley incl. Shape of You, Perfect, Castle on the Hill, Sing. Also abel.at
Ed Sheeran;Thinking Out Loud;pop/rock;Thinking Out Loud;Robert Longfield;2;blasmusik-shop.de;https://www.blasmusik-shop.de/Thinking-Out-Loud_1;https://www.youtube.com/watch?v=lp-EO5I60KA;Hal Leonard #HL04005420, Discovery Plus Concert Band, Grade 2. Also hebu-music.com, halleonard.com
Elbow;One Day Like This;pop/rock;One Day Like This;Jock McKenzie;3;superbrass.co.uk;https://www.superbrass.co.uk/product/one-day-like-this;https://www.youtube.com/watch?v=Lx0OQ_dBHZE;Superbrass Music, Brass Ensemble (4 Tpt, 1 Horn, 3 Tbn, 1 Euph, 1 Tuba, Drum Kit). Also Brass Band on sheetmusicdirect.com
Elton John;Candle in the Wind;pop/rock;Pop and Rock Legends: Elton John (Medley);Ted Ricketts;Mittelstufe (3);rundel.de;https://www.rundel.de/en/article/pop_and_rock_legends_elton_john/HL04000984;https://www.youtube.com/watch?v=mQQlnKbE1hQ;medley incl. Goodbye Yellow Brick Road, Saturday Night's Alright (For Fighting), Candle in the Wind, Crocodile Rock (Hal Leonard)
Elton John;Crocodile Rock;pop/rock;Crocodile Rock;Paul Murtha;2-3;halleonard.com;https://www.halleonard.com/product/4003758/crocodile-rock;https://www.youtube.com/watch?v=fhT8MfGKfNg;Flex-Band Grade 2
Elton John;Crocodile Rock;pop/rock;Pop and Rock Legends: Elton John (Medley);Ted Ricketts;Mittelstufe (3);rundel.de;https://www.rundel.de/en/article/pop_and_rock_legends_elton_john/HL04000984;https://www.youtube.com/watch?v=mQQlnKbE1hQ;medley incl. Goodbye Yellow Brick Road, Saturday Night's Alright (For Fighting), Candle in the Wind, Crocodile Rock (Hal Leonard)
Elton John;Goodbye Yellow Brick Road;pop/rock;Pop and Rock Legends: Elton John (Medley);Ted Ricketts;Mittelstufe (3);rundel.de;https://www.rundel.de/en/article/pop_and_rock_legends_elton_john/HL04000984;https://www.youtube.com/watch?v=mQQlnKbE1hQ;medley incl. Goodbye Yellow Brick Road, Saturday Night's Alright (For Fighting), Candle in the Wind, Crocodile Rock (Hal Leonard)
Elton John;I'm Still Standing;pop/rock;I'm Still Standing;Matt Conaway;3-4;halleonard.com;https://www.halleonard.com/product/3746380/im-still-standing;https://www.youtube.com/watch?v=ZHkB05OtLqA;Marching Band
Elton John;Saturday Night's Alright (For Fighting);pop/rock;Pop and Rock Legends: Elton John (Medley);Ted Ricketts;Mittelstufe (3);rundel.de;https://www.rundel.de/en/article/pop_and_rock_legends_elton_john/HL04000984;https://www.youtube.com/watch?v=mQQlnKbE1hQ;medley incl. Goodbye Yellow Brick Road, Saturday Night's Alright (For Fighting), Candle in the Wind, Crocodile Rock (Hal Leonard)
Elton John;Your Song;pop/rock;Your Song;Hajime Ueshiba;3;hebu-music.com;https://www.hebu-music.com/index.php/en/article/elton-john/hal-leonard-europe-de-haske/your-song.168373/;https://www.youtube.com/watch?v=GlPlfCy1urI;De Haske 1998, New Sounds for Concert Band, DHP 0981145-010, ISMN 9790035049457. Also: arr. Picqueur (Beriato, HeBu 213272), arr. Hannevik (Norsk Noteservice, HeBu 731159, Young Band + Brass Band)
Eurythmics;Sweet Dreams;pop/rock;;;;;;https://www.youtube.com/watch?v=qeMFq9CqC3M;No wind/brass arrangement found at abel/rundel/halleonard.
Fleetwood Mac;Go Your Own Way;pop/rock;;;;;;https://www.youtube.com/watch?v=6Ul-xDCfBRU;No wind/brass arrangement found at abel/rundel/halleonard.
Genesis;Supper's Ready;pop/rock;Symphonic Rock;Gilbert Tinner;Oberstufe;rundel.de;https://www.rundel.de/en/product/DHMS153408/symphonic-rock;https://www.youtube.com/watch?v=dWXOVmFKQkI;DHMS153408. Concert band medley combining Queen and Genesis hits.
George Michael;Careless Whisper;pop/rock;Careless Whisper (Easy Jazz Ensemble Pak);;Level 3;halleonard.com;https://www.halleonard.com/product/07493920/careless-whisper;https://www.youtube.com/watch?v=izGwDsrQ1eQ;Jazz Ensemble Pak No.13/14. No standalone concert band found.
George Michael;Faith;pop/rock;;;;;;https://www.youtube.com/watch?v=G95J_ksJows;No wind/brass arrangement found. Only piano/vocal & lead sheet.
George Michael;Last Christmas;pop/rock;Last Christmas;;Mittelstufe;rundel.de;https://www.rundel.de/en/search/?q=last+christmas;https://www.youtube.com/watch?v=E8gmARGyPl0;Rundel BER95.0081 Berner edition. No standalone at HL/abel.
Gorillaz;Feel Good Inc.;pop/rock;Feel Good Inc.;Mark Corkery;3;sheetmusicdirect.com;https://www.sheetmusicdirect.com/se/ID_No_1161322/Product.aspx;https://www.youtube.com/watch?v=04fQTlCCl0Y;Concert Band, Level 3, incl. Guitar, Bass, Keyboard parts. ArrangeMe/Hal Leonard
Harry Styles;As It Was;pop/rock;As It Was;Seb Skelly;intermediate;abel.at;https://www.abel.at/de/produkt/as-it-was;https://www.youtube.com/watch?v=H5v3kku4y6Q;Fentone Ensemble Series #F1020-070, Blechbläserquintett / Brass Quintet, 12 pp. Also stretta-music.de
Harry Styles;As It Was;pop/rock;As It Was;Nick Birch;3;sheetmusicdirect.com;https://www.sheetmusicdirect.com/se/ID_No_1190282/Product.aspx;https://www.youtube.com/watch?v=H5v3kku4y6Q;Brass Band, incl. Soprano Cornet, Solo Cornet, Repiano, Flugel, Horns, Baritones, Trombones, Euph, Eb/Bb Bass, Perc
Harry Styles;As It Was;pop/rock;As It Was;Tom Wallace;3;forsyths.co.uk;https://www.forsyths.co.uk/music/sheet-music/ensemble-types/orchestral-band/marching-band/210874-as-it-was.html;https://www.youtube.com/watch?v=H5v3kku4y6Q;Arrangers' Publishing Company / Hal Leonard HL01225011, Marching Band, 2023
Iron Maiden;The Trooper;pop/rock;Metal! (Medley);Sean O'Loughlin;Mittelstufe;rundel.de;https://www.rundel.de/en/product/HL04003750/metal;https://www.youtube.com/watch?v=X44z4icnpls;HL04003750. Same medley as Black Sabbath entry above.
Jethro Tull;Living in the Past;pop/rock;;;;;;https://www.youtube.com/watch?v=_N8tBaavuGM;No wind/brass arrangement found at abel.at, rundel.de, or halleonard.com after honest search. Performance: Jethro Tull Living in the Past (Supersonic 1976).
Jethro Tull;Locomotive Breath;pop/rock;;;;;;https://www.youtube.com/watch?v=6aChl-q_gYY;No wind/brass arrangement found at abel.at, rundel.de, or halleonard.com after honest search. Performance: Jethro Tull official live performance.
Led Zeppelin;Black Dog;pop/rock;Led Zeppelin on Tour (Rock and Roll / Immigrant Song / Black Dog / Kashmir / Stairway to Heaven);Patrick Roszell;3.5;alfred.com;https://www.windrep.org/Led_Zeppelin_on_Tour;https://www.youtube.com/watch?v=aLQLEdkRoAI;Alfred Music 2010, Grade III-1/2, ~10:00. Same medley as Rock and Roll row
Led Zeppelin;Immigrant Song;pop/rock;Led Zeppelin on Tour (Rock and Roll / Immigrant Song / Black Dog / Kashmir / Stairway to Heaven);Patrick Roszell;3.5;alfred.com;https://www.windrep.org/Led_Zeppelin_on_Tour;https://www.youtube.com/watch?v=RlNhD0oSrpk;Alfred Music 2010, Grade III-1/2, ~10:00. Same medley as Rock and Roll row
Led Zeppelin;Kashmir;pop/rock;Led Zeppelin on Tour (Rock and Roll / Immigrant Song / Black Dog / Kashmir / Stairway to Heaven);Patrick Roszell;3.5;alfred.com;https://www.windrep.org/Led_Zeppelin_on_Tour;https://www.youtube.com/watch?v=PD-MdiUm1Gc;Alfred Music 2010, Grade III-1/2, ~10:00. Same medley as Rock and Roll row
Led Zeppelin;Rock and Roll;pop/rock;Led Zeppelin on Tour (Rock and Roll / Immigrant Song / Black Dog / Kashmir / Stairway to Heaven);Patrick Roszell;3.5;alfred.com;https://www.windrep.org/Led_Zeppelin_on_Tour;https://www.youtube.com/watch?v=LwU2lfziHjk;Alfred Music 2010, Grade III-1/2, ~10:00, USD 77 (score+parts) / 12 score. Concert band + electric bass, drum set, percussion. Medley contains 5 songs
Led Zeppelin;Stairway to Heaven;pop/rock;Led Zeppelin on Tour (Rock and Roll / Immigrant Song / Black Dog / Kashmir / Stairway to Heaven);Patrick Roszell;3.5;alfred.com;https://www.windrep.org/Led_Zeppelin_on_Tour;https://www.youtube.com/watch?v=xbhCPt6PZkQ;Alfred Music 2010, Grade III-1/2, ~10:00. Same medley as Rock and Roll row
Led Zeppelin;Stairway to Heaven;pop/rock;Stairway to Heaven;Roy Phillippe;3;hebu-music.com;https://www.hebu-music.com/en/article/jimmy-page-robert-plant/alfred-publishing/stairway-to-heaven-c-b.231038;https://www.youtube.com/watch?v=xbhCPt6PZkQ;"Alfred Publishing, HeBu order #152153, EUR 98 / score EUR 12, 3:44. Also: arr. Jirka Kadlec & arr. Norman Tailor; Ralph Ford march-band version"
Madness;Baggy Trousers;pop/rock;;;;;;https://www.youtube.com/watch?v=eGmSH8Xfboc;no arrangement
Madness;House of Fun;pop/rock;;;;;;https://www.youtube.com/watch?v=7R7s0sKU8HA;no arrangement
Madness;Our House;pop/rock;;;;;;https://www.youtube.com/watch?v=cV2LUKzE5hU;no arrangement
Mumford & Sons;Little Lion Man;pop/rock;Little Lion Man;Darel Monroe;3.5;sheetmusicdirect.com;https://www.sheetmusicdirect.com/se/ID_No_1770836/Product.aspx;https://www.youtube.com/watch?v=s2-VNjJqOco;Concert Band arrangement. Independent arranger
Muse;Knights of Cydonia;pop/rock;Knights of Cydonia;Richard Grantham;3 (mittelschwer);stretta-music.de;https://www.stretta-music.de/bellamy-knights-of-cydonia-nr-1840698.html;https://www.youtube.com/watch?v=G_sBsh7r5LQ;Molenaar Edition, MOL 1840698, sinfonisches Blasorchester / concert band
Muse;Time Is Running Out;pop/rock;Time Is Running Out;Lorenzo Bocci;3;sheetmusicplus.com;https://www.sheetmusicplus.com/en/product/time-is-running-out-23730852.html;https://www.youtube.com/watch?v=Ym9Z2uL1V0s;"Concert Band / Blasorchester / Harmonie, Grade 3, 3'53"", incl. electric guitar/keyboard parts"
Muse;Uprising;pop/rock;Uprising;Tom Wallace;Level 3;halleonard.com;https://www.halleonard.com/product/00172128/uprising;;Marching Band Score & Parts $80
New Order;Blue Monday;pop/rock;;;;;;https://www.youtube.com/watch?v=FYH8VKaD71g;No wind/brass arrangement found at abel/rundel/halleonard.
Oasis;Champagne Supernova;pop/rock;Oasis On Tour;Philip Sparke;;halleonard.com;https://www.halleonard.com/product/04009122/oasis-on-tour;https://www.youtube.com/watch?v=GbfKMQEBEbs;same medley
Oasis;Don't Look Back in Anger;pop/rock;Oasis On Tour;Philip Sparke;;halleonard.com;https://www.halleonard.com/product/04009122/oasis-on-tour;https://www.youtube.com/watch?v=r8OoMWFyFhM;same medley
Oasis;Wonderwall;pop/rock;Oasis On Tour;Philip Sparke;;halleonard.com;https://www.halleonard.com/product/04009122/oasis-on-tour;https://www.youtube.com/watch?v=6hzrDeTyek0;Brass Band medley Wonderwall/DLBIA/Champagne Supernova
One Direction;What Makes You Beautiful;pop/rock;What Makes You Beautiful;;Anfängerstufe;rundel.de;https://www.rundel.de/en/product/HL04003568/what-makes-you-beautiful;https://www.youtube.com/watch?v=QSY3G6Ehr2s;HL04003568. Very easy concert band arrangement.
One Direction;What Makes You Beautiful;pop/rock;One Direction in Concert;;Unterstufe;rundel.de;https://www.rundel.de/en/product/HL04003578/one-direction-in-concert;https://www.youtube.com/watch?v=QSY3G6Ehr2s;HL04003578. Concert band medley incl. What Makes You Beautiful and other hits.
Pet Shop Boys;Go West;pop/rock;Go West;;Oberstufe;rundel.de;https://www.rundel.de/en/product/DHP1145545/go-west;https://www.youtube.com/watch?v=Qc7GvrkDBzg;DHP1145545. Concert band arrangement.
Pet Shop Boys;Go West;pop/rock;Go West;;Mittelstufe;rundel.de;https://www.rundel.de/en/product/DH940581/go-west;https://www.youtube.com/watch?v=Qc7GvrkDBzg;DH940581. Concert band arrangement. Easier version.
Pet Shop Boys;It's a Sin;pop/rock;It's a Sin;Klauss van der Woude;Mittel-/Oberstufe;rundel.de;https://www.rundel.de/en/product/DH981121/its-a-sin;https://www.youtube.com/watch?v=EJKPE1klsRk;DH981121. Concert band arrangement.
Phil Collins;Against All Odds;pop/rock;The Phil Collins Collection;;Oberstufe;rundel.de;https://www.rundel.de/en/product/DHMS123605/the-phil-collins-collection;https://www.youtube.com/watch?v=Rbm6GXllBiw;DHMS123605. Concert band medley of Phil Collins hits.
Phil Collins;In the Air Tonight;pop/rock;PHIL COLLINS live;;Oberstufe;rundel.de;https://www.rundel.de/en/product/MVSR1683/phil-collins-live;https://www.youtube.com/watch?v=Wo-lJ6rZDmg;MVSR1683. Concert band medley of Phil Collins hits.
Pink Floyd;Another Brick in the Wall (Part 2);pop/rock;Another Brick in the Wall (Part 2);;Mittel-/Oberstufe;rundel.de;https://www.rundel.de/en/product/TM174/another-brick-in-the-wall-part-2;https://www.youtube.com/watch?v=HrxZWNu72WI;TM174. Concert band arrangement.
Procol Harum;A Whiter Shade of Pale;pop/rock;;;;;;https://www.youtube.com/watch?v=30DKP67dAlk;No wind/brass arrangement found at abel.at, rundel.de, or halleonard.com after honest search. Piano/vocal editions may exist but no concert band/Blasmusik found. Performance: Procol Harum official video.
Queen;Another One Bites the Dust;pop/rock;Queen Greatest Hits;Peter Kleine Schaars;Mittelstufe (3);rundel.de;https://www.rundel.de/en/article/queen_greatest_hits/DHP1115045;https://www.youtube.com/watch?v=mQQlnKbE1hQ;medley incl. Bohemian Rhapsody, Another One Bites the Dust, Crazy Little Thing Called Love, We Will Rock You, We Are the Champions. Also abel.at
Queen;Bohemian Rhapsody;pop/rock;Bohemian Rhapsody;Johan de Meij;Oberstufe;rundel.de;https://www.rundel.de/de/artikel/bohemian_rhapsody/AM203;https://www.youtube.com/watch?v=fJ9rUzIMcZQ;Amstel Music Concert Band. Also Sparke Fanfare. High ambra musicals
Queen;Bohemian Rhapsody;pop/rock;Queen Greatest Hits;Peter Kleine Schaars;Mittelstufe (3);rundel.de;https://www.rundel.de/en/article/queen_greatest_hits/DHP1115045;https://www.youtube.com/watch?v=mQQlnKbE1hQ;medley incl. Bohemian Rhapsody, Another One Bites the Dust, Crazy Little Thing Called Love, We Will Rock You, We Are the Champions. Also abel.at
Queen;Crazy Little Thing Called Love;pop/rock;Queen Greatest Hits;Peter Kleine Schaars;Mittelstufe (3);rundel.de;https://www.rundel.de/en/article/queen_greatest_hits/DHP1115045;https://www.youtube.com/watch?v=mQQlnKbE1hQ;medley incl. Bohemian Rhapsody, Another One Bites the Dust, Crazy Little Thing Called Love, We Will Rock You, We Are the Champions. Also abel.at
Queen;Don't Stop Me Now;pop/rock;Queen Medley;Masamicz Amano;Mittel-/Oberstufe (3.5);rundel.de;https://www.rundel.de/en/article/queen_medley/DHP1196177;https://www.youtube.com/watch?v=8sLRoMCXYFM;medley incl. Don't Stop Me Now, We Will Rock You, We Are the Champions, I Was Born to Love You. Also abel.at
Queen;I Was Born to Love You;pop/rock;Queen Medley;Masamicz Amano;Mittel-/Oberstufe (3.5);rundel.de;https://www.rundel.de/en/article/queen_medley/DHP1196177;https://www.youtube.com/watch?v=8sLRoMCXYFM;medley incl. Don't Stop Me Now, We Will Rock You, We Are the Champions, I Was Born to Love You. Also abel.at
Queen;We Are the Champions;pop/rock;We Are The Champions;Gilbert Tinner;3;halleonard.com;https://www.halleonard.com/products/3745537/we-are-the-champions;https://www.youtube.com/watch?v=04854XWCFCE;Mitropa Concert Band HL 04006492. Also Brass Band. Verdi PO
Queen;We Are the Champions;pop/rock;Queen Greatest Hits;Peter Kleine Schaars;Mittelstufe (3);rundel.de;https://www.rundel.de/en/article/queen_greatest_hits/DHP1115045;https://www.youtube.com/watch?v=mQQlnKbE1hQ;medley incl. Bohemian Rhapsody, Another One Bites the Dust, Crazy Little Thing Called Love, We Will Rock You, We Are the Champions. Also abel.at
Queen;We Are the Champions;pop/rock;Queen Medley;Masamicz Amano;Mittel-/Oberstufe (3.5);rundel.de;https://www.rundel.de/en/article/queen_medley/DHP1196177;https://www.youtube.com/watch?v=8sLRoMCXYFM;medley incl. Don't Stop Me Now, We Will Rock You, We Are the Champions, I Was Born to Love You. Also abel.at
Queen;We Will Rock You;pop/rock;Queen Greatest Hits;Peter Kleine Schaars;Mittelstufe (3);rundel.de;https://www.rundel.de/en/article/queen_greatest_hits/DHP1115045;https://www.youtube.com/watch?v=mQQlnKbE1hQ;medley incl. Bohemian Rhapsody, Another One Bites the Dust, Crazy Little Thing Called Love, We Will Rock You, We Are the Champions. Also abel.at
Queen;We Will Rock You;pop/rock;Queen Medley;Masamicz Amano;Mittel-/Oberstufe (3.5);rundel.de;https://www.rundel.de/en/article/queen_medley/DHP1196177;https://www.youtube.com/watch?v=8sLRoMCXYFM;medley incl. Don't Stop Me Now, We Will Rock You, We Are the Champions, I Was Born to Love You. Also abel.at
Radiohead;Creep;pop/rock;Creep;Chris M. Bernotas;2.5;alfred.com;https://www.alfred.com/products/creep-00-50499;https://www.youtube.com/watch?v=XFXZX74jXkU;Belwin Pop Young Band, Alfred #00-50499, Concert Band, Grade 2½, opt. electric guitar. Also hebu-music.com
Radiohead;Creep;pop/rock;Creep;Nick Baratta;3;alfred.com;https://www.alfred.com/products/creep-00-49635;https://www.youtube.com/watch?v=XFXZX74jXkU;Mega Sounds for Marching Band, Alfred #00-49635, Grade 3, 1:45
Robbie Williams;Angels;pop/rock;Angels;Jan van Kraeydonck;3;hebu-music.com;https://www.hebu-music.com/index.php/en/article/robbie-williams/bernaerts-music/angels.1024722/;https://www.youtube.com/watch?v=luwAMFcc2f8;Bernaerts Music, arr. for Blasorchester/Fanfare/Brass Band. Also: Sykes brass band (Alfred, solidbrassmusic.com), Birch Flugelhorn solo + brass band (Birch Music)
Robbie Williams;Millennium;pop/rock;;;;;;https://www.youtube.com/watch?v=ROM2dY2Xo2U;no arrangement
Rolling Stones;(I Can't Get No) Satisfaction;pop/rock;Hard Rock Stones;Markus Götz;Oberstufe;rundel.de;https://www.rundel.de/en/search/?q=hard+rock+stones;https://www.youtube.com/watch?v=nrIPsFjAlEg;MVSR2943. Concert band medley incl. Satisfaction, plus other rock songs. Also 'The Rolling Stones on Tour' (ALF39550) and 'Rolling Stones 50 Years Medley' (GE467).
Rolling Stones;Paint It Black;pop/rock;The Rolling Stones on Tour;;Mittelstufe;rundel.de;https://www.rundel.de/en/search/?q=rolling+stones+on+tour;https://www.youtube.com/watch?v=O4irfJWnDcM;ALF39550. Concert band medley incl. Paint It Black, Satisfaction, others.
Rolling Stones;Start Me Up;pop/rock;Rolling Stones - 50 Years Medley;;Mittel-/Oberstufe;rundel.de;https://www.rundel.de/en/search/?q=rolling+stones+50+years;https://www.youtube.com/watch?v=Rbm6GXllBiw;GE467. Concert band medley incl. Start Me Up, Honky Tonk Woman, The Last Time, Let's Spend The Night Together.
Sam Smith;Writing's on the Wall;pop/rock;Writing's on the Wall;;Unterstufe;rundel.de;https://www.rundel.de/en/product/HL04004622/writings-on-the-wall;https://www.youtube.com/watch?v=8jK0AJDyJh4;HL04004622. James Bond theme. Concert band arrangement.
Sex Pistols;God Save the Queen;pop/rock;;;;;;https://www.youtube.com/watch?v=y8K1tPQxBac;No wind/brass arrangement found at abel/rundel/halleonard.
Slade;Cum On Feel the Noize;pop/rock;;;;;;https://www.youtube.com/watch?v=J1zPMAVBa0w;No wind/brass arrangement found at abel/rundel/halleonard.
Spice Girls;Wannabe;pop/rock;Wannabe;Paul Murtha;3;blasmusik-shop.de;https://www.blasmusik-shop.de/Wannabe;https://www.youtube.com/watch?v=gJLqpMhW5Bw;Hal Leonard #HL08724616, Blasorchester, 3:00
Status Quo;Down Down;pop/rock;;;;;;https://www.youtube.com/watch?v=66sm8aNhTeQ;No wind/brass arrangement found at abel.at, rundel.de, or halleonard.com after honest search. Performance: Status Quo TopPop 1975.
Status Quo;In the Army Now;pop/rock;;;;;;https://www.youtube.com/watch?v=J18mVGUCEwo;No wind/brass arrangement found at abel.at, rundel.de, or halleonard.com after honest search. Performance: Status Quo official music video.
Status Quo;Rockin' All Over the World;pop/rock;;;;;;https://www.youtube.com/watch?v=eEO6v-YiS00;No wind/brass arrangement found at abel.at, rundel.de, or halleonard.com after honest search. Performance: Status Quo official video.
Sweet;Ballroom Blitz;pop/rock;;;;;;https://www.youtube.com/watch?v=BxMcBm3EjSA;No wind/brass arrangement found at abel/rundel/halleonard.
T. Rex;Get It On;pop/rock;;;;;;https://www.youtube.com/watch?v=v6mNkTK1hCo;No wind/brass arrangement found at abel.at, rundel.de, or halleonard.com after honest search. Performance: T. Rex Top of the Pops 1971.
Take That;Back for Good;pop/rock;;;;;;https://www.youtube.com/watch?v=nqoI0Uo8bwI;No wind/brass arrangement found at abel/rundel/halleonard.
The Animals;The House of the Rising Sun;pop/rock;The House of the Rising Sun;Bill Holcombe;4;musicianspublications.com;https://www.windrep.org/House_of_the_Rising_Sun,_The;https://www.youtube.com/watch?v=BICGbp9BvNA;Musicians Publications 1970, Grade IV, ~6:00. Traditional song, Animals arrangement. Also Drew Dickey clarinet-solo+wind-ensemble (Grade V)
The Beatles;A Hard Day's Night;pop/rock;The Symphonic Beatles (Medley);John Cacavas;Oberstufe (4);rundel.de;https://www.rundel.de/en/article/the_symphonic_beatles/HL04001529;https://www.youtube.com/watch?v=mQQlnKbE1hQ;medley incl. A Hard Day's Night, Yesterday, I Want To Hold Your Hand, Michelle, Hey Jude (Hal Leonard)
The Beatles;All My Loving;pop/rock;Meet the Beatles! (Medley);Johnnie Vinson;Unterstufe (1.5);rundel.de;https://www.rundel.de/en/article/meet_the_beatles/HL04003903;https://www.youtube.com/watch?v=mQQlnKbE1hQ;medley incl. I Want to Hold Your Hand, Till There Was You, All My Loving (Hal Leonard)
The Beatles;All You Need Is Love;pop/rock;A Beatles Anthology;Gerald Oswald (arr. Toshio Mashima);Mittelstufe (3);rundel.de;https://www.rundel.de/en/article/a_beatles_anthology/M2107.17;https://www.youtube.com/watch?v=UxWNMmO3EJc;medley incl. All You Need Is Love, Yellow Submarine, Twist and Shout, Hey Jude (Mitropa)
The Beatles;Get Back;pop/rock;Best of the Beatles (Flex-Band);John Moss;Unter-/Mittelstufe (2);rundel.de;https://www.rundel.de/en/article/best_of_the_beatles_flex_band/HL04002951;https://www.youtube.com/watch?v=mQQlnKbE1hQ;medley incl. Ticket to Ride, Hey Jude, Get Back (Hal Leonard flex)
The Beatles;Hey Jude;pop/rock;Hey Jude;;Anfängerstufe;rundel.de;https://www.rundel.de/en/beginning_pops/c-262;https://www.youtube.com/watch?v=_Kft9ZAZmys;Beginning Pops Grade 1+ HL04151017
The Beatles;Hey Jude;pop/rock;A Beatles Anthology;Gerald Oswald (arr. Toshio Mashima);Mittelstufe (3);rundel.de;https://www.rundel.de/en/article/a_beatles_anthology/M2107.17;https://www.youtube.com/watch?v=UxWNMmO3EJc;medley incl. All You Need Is Love, Yellow Submarine, Twist and Shout, Hey Jude (Mitropa)
The Beatles;Hey Jude;pop/rock;The Symphonic Beatles (Medley);John Cacavas;Oberstufe (4);rundel.de;https://www.rundel.de/en/article/the_symphonic_beatles/HL04001529;https://www.youtube.com/watch?v=mQQlnKbE1hQ;medley incl. A Hard Day's Night, Yesterday, I Want To Hold Your Hand, Michelle, Hey Jude (Hal Leonard)
The Beatles;Hey Jude;pop/rock;Best of the Beatles (Flex-Band);John Moss;Unter-/Mittelstufe (2);rundel.de;https://www.rundel.de/en/article/best_of_the_beatles_flex_band/HL04002951;https://www.youtube.com/watch?v=mQQlnKbE1hQ;medley incl. Ticket to Ride, Hey Jude, Get Back (Hal Leonard flex)
The Beatles;I Want to Hold Your Hand;pop/rock;The Symphonic Beatles (Medley);John Cacavas;Oberstufe (4);rundel.de;https://www.rundel.de/en/article/the_symphonic_beatles/HL04001529;https://www.youtube.com/watch?v=mQQlnKbE1hQ;medley incl. A Hard Day's Night, Yesterday, I Want To Hold Your Hand, Michelle, Hey Jude (Hal Leonard)
The Beatles;I Want to Hold Your Hand;pop/rock;Meet the Beatles! (Medley);Johnnie Vinson;Unterstufe (1.5);rundel.de;https://www.rundel.de/en/article/meet_the_beatles/HL04003903;https://www.youtube.com/watch?v=mQQlnKbE1hQ;medley incl. I Want to Hold Your Hand, Till There Was You, All My Loving (Hal Leonard)
The Beatles;Michelle;pop/rock;The Symphonic Beatles (Medley);John Cacavas;Oberstufe (4);rundel.de;https://www.rundel.de/en/article/the_symphonic_beatles/HL04001529;https://www.youtube.com/watch?v=mQQlnKbE1hQ;medley incl. A Hard Day's Night, Yesterday, I Want To Hold Your Hand, Michelle, Hey Jude (Hal Leonard)
The Beatles;Penny Lane;pop/rock;Pop and Rock Legends: Music of the Beatles;Michael Sweeney;4;halleonard.com;https://www.halleonard.com/product/4045720/pop-and-rock-legends-music-of-the-beatles;https://www.youtube.com/watch?v=S-r_85pJmRs;Concert Band medley incl Penny Lane
The Beatles;Ticket to Ride;pop/rock;Best of the Beatles (Flex-Band);John Moss;Unter-/Mittelstufe (2);rundel.de;https://www.rundel.de/en/article/best_of_the_beatles_flex_band/HL04002951;https://www.youtube.com/watch?v=mQQlnKbE1hQ;medley incl. Ticket to Ride, Hey Jude, Get Back (Hal Leonard flex)
The Beatles;Till There Was You;pop/rock;Meet the Beatles! (Medley);Johnnie Vinson;Unterstufe (1.5);rundel.de;https://www.rundel.de/en/article/meet_the_beatles/HL04003903;https://www.youtube.com/watch?v=mQQlnKbE1hQ;medley incl. I Want to Hold Your Hand, Till There Was You, All My Loving (Hal Leonard)
The Beatles;Twist and Shout;pop/rock;A Beatles Anthology;Gerald Oswald (arr. Toshio Mashima);Mittelstufe (3);rundel.de;https://www.rundel.de/en/article/a_beatles_anthology/M2107.17;https://www.youtube.com/watch?v=UxWNMmO3EJc;medley incl. All You Need Is Love, Yellow Submarine, Twist and Shout, Hey Jude (Mitropa)
The Beatles;Yellow Submarine;pop/rock;A Beatles Anthology;Gerald Oswald (arr. Toshio Mashima);Mittelstufe (3);rundel.de;https://www.rundel.de/en/article/a_beatles_anthology/M2107.17;https://www.youtube.com/watch?v=UxWNMmO3EJc;medley incl. All You Need Is Love, Yellow Submarine, Twist and Shout, Hey Jude (Mitropa)
The Beatles;Yesterday;pop/rock;Yesterday;;Anfängerstufe;rundel.de;https://www.rundel.de/en/beginning_pops/c-262;https://www.youtube.com/watch?v=NpQZpO3HV8w;Beginning Pops Grade 1+ HL04151017
The Beatles;Yesterday;pop/rock;The Symphonic Beatles (Medley);John Cacavas;Oberstufe (4);rundel.de;https://www.rundel.de/en/article/the_symphonic_beatles/HL04001529;https://www.youtube.com/watch?v=mQQlnKbE1hQ;medley incl. A Hard Day's Night, Yesterday, I Want To Hold Your Hand, Michelle, Hey Jude (Hal Leonard)
The Clash;London Calling;pop/rock;;;;;;https://www.youtube.com/watch?v=zX1rkGARkfg;No wind/brass arrangement found at abel/rundel/halleonard.
The Cure;Friday I'm in Love;pop/rock;;;;;;https://www.youtube.com/watch?v=khR0Oakuh8Y;No wind/brass arrangement found at abel/rundel/halleonard.
The Kinks;You Really Got Me;pop/rock;;;;;;https://www.youtube.com/watch?v=_dHK6hLNTAI;no published wind/band arrangement found at abel/rundel/halleonard/alle-noten/blasmusik-shop/stretta/alfred/hebu
The Pogues;Dirty Old Town;pop/rock;Dirty Old Town;Paul Johnson;3;sheetmusicdirect.com;https://www.sheetmusicdirect.com/se/ID_No_1544833/Product.aspx;https://www.youtube.com/watch?v=8D-mrHNDIAc;Brass Band arrangement by Paul Johnson. Ewan MacColl (Pogues version)
The Pogues;Fairytale of New York;pop/rock;Fairytale of New York;Sean O'Loughlin;Level 3;halleonard.com;https://www.halleonard.com/product/04004328/fairytale-of-new-york;https://www.youtube.com/watch?v=j9jBDgPlizQ;Young Concert Band
The Police;Every Breath You Take;pop/rock;The Police on Stage;;Mittelstufe;rundel.de;https://www.rundel.de/en/search/?q=police+every+breath;https://www.youtube.com/watch?v=OMOGaugKpzs;Molenaar M1810 medley incl Every Breath, Roxanne, Message in a Bottle. Also HL Easy Jazz Ensemble.
The Police;Message in a Bottle;pop/rock;The Police Medley (Don't Stand So Close to Me / Every Breath You Take / Can't Stand Losing You / Roxanne / Message in a Bottle);Robert Fienga;3;all-sheetmusic.com;https://www.all-sheetmusic.com/Concert-Band/Police-nr.html;https://www.youtube.com/watch?v=Mb3iPP-tHdA;Editions Robert Martin EDR-STIN04978-CO, Concert Band Score, ~15:00, EUR 52.95. Medley of 5 Police songs. Also Skelly brass quintet (SMD 636085, level 5)
The Police;Roxanne;pop/rock;The Police on Stage;;Mittelstufe;rundel.de;https://www.rundel.de/en/search/?q=police+roxanne;https://www.youtube.com/watch?v=3T1cG7kzRQQ;Same M1810.10 Police medley.
The Specials;Ghost Town;pop/rock;;;;;;https://www.youtube.com/watch?v=W4vfCICVMOs;No wind/brass arrangement found at abel/rundel/halleonard.
The Who;Baba O'Riley;pop/rock;;;;;;https://www.youtube.com/watch?v=x2KRpRmf7mM;No wind/brass arrangement found at abel/rundel/halleonard.
UB40;Red Red Wine;pop/rock;;;;;;https://www.youtube.com/watch?v=zXginGOkbZk;No wind/brass arrangement found at abel/rundel/halleonard.
Adele;Skyfall;film;Skyfall;Jay Bocook;Level 3;halleonard.com;https://www.halleonard.com/product/4003359/skyfall;https://www.youtube.com/watch?v=DeumyOzKqgI;Young Concert Band, Score & Parts. Also Discovery Plus (HL0435684?) flex. No other shops.
John Barry;Goldfinger;film;Bond... James Bond;Stephen Bulla;4;abel.at;https://www.abel.at/de/produkt/bond-james-bond;https://www.youtube.com/watch?v=HIMJItZYy7U;medley incl Goldfinger
Monty Norman;James Bond Theme;film;The James Bond Theme;Jan van Kraeydonck;C;abel.at;https://www.abel.at/de/produkt/james-bond1;https://www.youtube.com/watch?v=HIMJItZYy7U;Blasorchester 3:24
Benjamin Britten;Simple Symphony;classical;-;;;;-;;no published wind/brass arrangement found at abel/rundel/halleonard
Benjamin Britten;Young Person's Guide to the Orchestra;classical;-;;;;-;;no published wind/brass arrangement found at abel/rundel/halleonard
Edward Elgar;Nimrod;classical;Nimrod;Franco Cesarini;3.5;rundel.de;https://www.rundel.de/de/artikel/nimrod/WB85035;https://www.youtube.com/watch?v=lYumQC421iE;Boosey & Hawkes
Edward Elgar;Pomp & Circumstance No.1;classical;Pomp and Circumstance March No.1;Albert Loritz;;rundel.de;https://www.rundel.de/de/artikel/pomp_and_circumstance_no_1/MVSR0312;https://www.youtube.com/watch?v=hqbDwCZQ7sU;Blasorchester
Edward Elgar;Salut d'Amour;classical;-;;;;-;;no published wind/brass arrangement found at abel/rundel/halleonard (violin/piano/orchestra)
Eric Coates;Dambusters March;classical;The Dam Busters March;Douglas E. Wagner;3;alfred.com;https://www.windrep.org/Dam_Busters_March,_The;https://www.youtube.com/watch?v=G1HEPyL1QFc;Alfred Music 2004, SKU 00-CBM04002, Grade III, $70 S&P / $9 score. Wind Repertory Project reference page
Eric Coates;Knightsbridge March;classical;Knightsbridge March;John Cacavas;4;-;https://www.windrep.org/Knightsbridge_March;https://www.youtube.com/watch?v=XQGYKFWbYbk;Chappell 1970, Grade IV, OUT OF PRINT (secondhand only). Also arr. Gerrard Williams (London Suite full) & Yoder (1940). Wind Repertory Project reference page
Gustav Holst;I Vow to Thee My Country;classical;I Vow to Thee My Country;Paul Murtha;3;halleonard.com;https://www.halleonard.com/product/04007895;https://www.youtube.com/watch?v=bvouc8Qs_MI;Young Concert Band, $70, Level 3. Performance not arrangement-specific (Royal Marines Festival of Remembrance).
Gustav Holst;Jupiter;classical;Jupiter, The Bringer of Jollity;James Curnow;C;abel.at;https://www.abel.at/de/produkt/jupiter-the-bringer1;https://www.youtube.com/watch?v=BSyLauxdwtw;Blasorchester 7:40
Gustav Holst;Mars (from The Planets);classical;Mars (from The Planets);Johnnie Vinson;2-3;halleonard.com;https://www.halleonard.com/product/04002798;;Flex-Band Grade 3, $65
Gustav Holst;Venus (from The Planets);classical;-;;;;-;;no published wind/brass arrangement found at abel/rundel/halleonard
Henry Purcell / Jeremiah Clarke;Trumpet Voluntary / Rondeau;classical;-;;;;-;;no published wind/brass arrangement found at abel/rundel/halleonard (homepage mention only, no product page)
Ralph Vaughan Williams;English Folk Song Suite;classical;English Folk Song Suite;;C;abel.at;https://www.abel.at/de/produkt/english-folk-song;https://www.youtube.com/watch?v=X9a0ym35R6I;Blasorchester 10:50
Ralph Vaughan Williams;Greensleeves Fantasy;classical;Greensleeves (incl Schweizerstimmen);Alfred Reed;B-C;abel.at;https://www.abel.at/de/produkt/greensleeves-37381;;Blasorchester
Ralph Vaughan Williams;The Lark Ascending;classical;-;;;;-;;no published wind/brass arrangement found at abel/rundel/halleonard (violin/orchestra only)
Ralph McTell;Streets of London;folk;-;;;;-;;no published wind/brass arrangement found at abel/rundel/halleonard
Ralph Vaughan Williams;Fantasia on Greensleeves;folk;Fantasia on Greensleeves;Douglas E. Wagner;4;hebu-music.com;https://www.hebu-music.com/en/article/ralph-vaughan-williams/alfred-publishing/fantasia-on-greensleeves-concert-band.240421;https://www.youtube.com/watch?v=2u6mQ3Cw9iA;Alfred Publishing, HeBu #157933, Concert Band, Grade 4, €118
Traditional;Amazing Grace;folk;Amazing Grace;Jay Dawson;3;halleonard.com;https://www.halleonard.com/product/40001077;https://www.youtube.com/watch?v=ksJTQY4ASmI;Concert Band, $80, Level 3. Performance not arrangement-specific (Camas High School Combined Band).
Traditional;Coulter's Candy;folk;-;;;;-;;no published wind/brass arrangement found at abel/rundel/halleonard
Traditional;Danny Boy;folk;Danny Boy (Londonderry Air);Warren Barker;;rundel.de;https://www.rundel.de/de/artikel/danny_boy-londonderry_air/WAR53034;https://www.youtube.com/watch?v=DquA6KyHTos;Concert Band, Anglo Music. Performance not arrangement-specific (Celtic Woman).
Traditional;Greensleeves;folk;Greensleeves;Alfred Reed;3;barnhouse.com;https://www.windrep.org/Greensleeves;https://www.youtube.com/watch?v=GCb1b3aQ5As;C.L. Barnhouse 1993, Grade III, $65 S&P / $7 score. Wind Repertory Project reference page
Traditional;Scarborough Fair;folk;-;;;;-;;no published wind/brass arrangement found at abel/rundel/halleonard
Traditional Scottish;Auld Lang Syne;folk;Old Scottish Melody: Auld Lang Syne;Charles Wiley;3;hebu-music.com;https://www.hebu-music.com/en/article/traditional/trn-music-co/old-scottish-melody-auld-lang-syne.181070/;https://www.youtube.com/watch?v=rDlMOI442-U;TRN Music Co., HeBu #181070, Grade 3, €91. Also: Story/Smith (Alfred), van Lijnschooten (Molenaar), Chattaway (Barnhouse), Petrillo (Scomegna), Kreid (HeBu), Webster (Jelena)
Traditional Scottish;Flower of Scotland;folk;-;;;;-;;no published wind/brass arrangement found at abel/rundel/halleonard
Traditional Scottish;Highland Cathedral;folk;Highland Cathedral;Jay Dawson;3;halleonard.com;https://www.halleonard.com/product/4001203;https://www.youtube.com/watch?v=_RE3OS9bz_Y;Young Concert Band, $75, Level 3. Performance not arrangement-specific (Southampton Concert Band).
Andrew Lloyd Webber;Andrew Lloyd Webber Medley;musical;Andrew Lloyd Webber: A Concert Celebration;Johnnie Brymer / Michael Custer;4;halleonard.com;https://www.halleonard.com/product/04001557;;Concert Band, $80, Level 4
Andrew Lloyd Webber;Any Dream Will Do (from Joseph);musical;Any Dream Will Do;Zbysek Bittmar;Mittelstufe;rundel.de;https://www.rundel.de/de/artikel/any_dream_will_do/MVSR2109;;Rundel Music
Andrew Lloyd Webber;Cats;musical;Cats (Songs from the Musical);Johan de Meij;Oberstufe;rundel.de;https://www.rundel.de/de/artikel/cats_/AM207;;Amstel Concert Band, Brilliant Light Music
Andrew Lloyd Webber;Cats;musical;Cats, Highlights from;Johnnie Vinson;3;halleonard.com;https://www.halleonard.com/product/04001006;;Young Concert Band, $70, Level 3
Andrew Lloyd Webber;Cats;musical;CATS, Selections From;John Edmondson;;halleonard.com;https://www.halleonard.com/product/04014140;;HL Concert Band Series, $80
Andrew Lloyd Webber;Don't Cry for Me Argentina;musical;Don't Cry For Me Argentina;Ron Sebregts;Mittelstufe;rundel.de;https://www.rundel.de/de/artikel/don_t_cry_for_me_argentina/DH970960;https://www.youtube.com/watch?v=-CsgprecMMs;De Haske, Brilliant Light Music. Performance not arrangement-specific (Lucy Thomas).
Andrew Lloyd Webber;Don't Cry for Me Argentina;musical;Don't Cry for Me Argentina;Michael Sweeney;3;halleonard.com;https://www.halleonard.com/product/04313020;https://www.youtube.com/watch?v=-CsgprecMMs;Young Concert Band, $60, Level 3. Performance not arrangement-specific (Lucy Thomas).
Andrew Lloyd Webber;Evita;musical;Highlights from Evita;John Moss;3;halleonard.com;https://www.halleonard.com/product/04001686;;Young Concert Band, $65, Level 3
Andrew Lloyd Webber;Joseph and the Amazing Technicolor Dreamcoat;musical;Joseph and the Amazing Technicolor Dreamcoat;Michael Sweeney;3;halleonard.com;https://www.halleonard.com/product/04001095;;Young Concert Band, $75, Level 3
Andrew Lloyd Webber;Memory (from Cats);musical;Memory (from Cats);Frank Cofield;3;halleonard.com;https://www.halleonard.com/product/04326600;;Young Concert Band, $60, Level 3
Andrew Lloyd Webber;The Music of the Night;musical;The Music of the Night;Paul Lavender;Anfängerstufe;rundel.de;https://www.rundel.de/de/artikel/the_music_of_the_night/HL24823058;;First Concepts, Hal Leonard 30303130
Andrew Lloyd Webber;The Phantom of the Opera;musical;The Phantom of the Opera (Medley);Johan de Meij;Ober-/Höchststufe;rundel.de;https://www.rundel.de/de/artikel/phantom_of_the_opera_/AM181;https://www.youtube.com/watch?v=ZFBq0isrwHE;Amstel Concert Band, Brilliant Light Music. Performance not arrangement-specific (de Meij concert).
Andrew Lloyd Webber;The Phantom of the Opera;musical;The Phantom of the Opera (Medley from);Johnnie Vinson;3;halleonard.com;https://www.halleonard.com/product/08720060;;Young Concert Band, $80, Level 3
Andrew Lloyd Webber;The Phantom of the Opera;musical;Phantom of the Opera (Main Theme);Paul Jennings;Anfängerstufe;rundel.de;https://www.rundel.de/de/artikel/phantom_of_the_opera_/HL24823054;;First Concepts, Hal Leonard 30303130
Howard Goodall;Blackadder Theme;film/TV;;;;;;https://www.youtube.com/watch?v=057fXeHqjKI;"no published wind/band arrangement found at abel/rundel/halleonard/alle-noten/blasmusik-shop/stretta/alfred/hebu. Goodall published by Faber Music; themes exist for piano/choir only"
Lionel Bart;Oliver!;musical;Oliver! Selections;Leyden;3;-;https://www.windrep.org/Oliver!;https://www.youtube.com/watch?v=H6QPc0wzYvM;Hollis Music 1960, ~8:20, OUT OF PRINT (secondhand only). Wind Repertory Project reference page
Loch Lomond (Traditional);The Bonnie Banks o' Loch Lomond;folk/traditional Scottish;Loch Lomond (c/b);JaRod Hall;2 (Leicht — FJH Young Band);hebu-music.com;https://www.hebu-music.com/en/article/traditional/fjh-music-company/loch-lomond-c-b.982755;https://www.youtube.com/watch?v=APTR1zjp2OA;FJH Music Company catalog# B1856, concert band, duration 3:59, price €66.00, grade 2-2+. Also listed on MakeMusic Interactive. Note: Kinyon arrangement referenced on same page was not individually resolvable — omitted.
Pulp;Common People;Britpop;;;;;;https://www.youtube.com/watch?v=nqIuXdloXzM;no published wind/band arrangement found at abel/rundel/halleonard/alle-noten/blasmusik-shop/stretta/alfred/hebu
Suede;Beautiful Ones;Britpop;;;;;;https://www.youtube.com/watch?v=xqovGKdgAXY;no published wind/band arrangement found at abel/rundel/halleonard/alle-noten/blasmusik-shop/stretta/alfred/hebu
The Damned;New Rose;punk rock;;;;;;https://www.youtube.com/watch?v=TUxFQ5QBiYk;no published wind/band arrangement found at abel/rundel/halleonard/alle-noten/blasmusik-shop/stretta/alfred/hebu
The Pogues;Dirty Old Town / Sickbed of Cúchulainn;folk-rock;-;;;;-;;no published wind/brass arrangement found at abel/rundel/halleonard
